{
    "prepare_queue": {
        "installed": [],
        "uninstalled": []
    },
    "config_munge": {
        "files": {}
    },
    "installed_plugins": {
        "cordova-plugin-console": {
            "PACKAGE_NAME": "ionic-blankapp"
        },
        "cordova-plugin-device": {
            "PACKAGE_NAME": "ionic-blankapp"
        },
        "cordova-plugin-statusbar": {
            "PACKAGE_NAME": "ionic-blankapp"
        },
        "cordova-plugin-whitelist": {
            "PACKAGE_NAME": "ionic-blankapp"
        },
        "ionic-plugin-keyboard": {
            "PACKAGE_NAME": "ionic-blankapp"
        }
    },
    "dependent_plugins": {},
    "modules": [
        {
            "file": "plugins/cordova-plugin-console/www/logger.js",
            "id": "cordova-plugin-console.logger",
            "pluginId": "cordova-plugin-console",
            "clobbers": [
                "cordova.logger"
            ]
        },
        {
            "file": "plugins/cordova-plugin-console/www/console-via-logger.js",
            "id": "cordova-plugin-console.console",
            "pluginId": "cordova-plugin-console",
            "clobbers": [
                "console"
            ]
        },
        {
            "file": "plugins/cordova-plugin-device/www/device.js",
            "id": "cordova-plugin-device.device",
            "pluginId": "cordova-plugin-device",
            "clobbers": [
                "device"
            ]
        },
        {
            "file": "plugins/cordova-plugin-device/src/windows/DeviceProxy.js",
            "id": "cordova-plugin-device.DeviceProxy",
            "pluginId": "cordova-plugin-device",
            "merges": [
                ""
            ]
        },
        {
            "file": "plugins/cordova-plugin-statusbar/www/statusbar.js",
            "id": "cordova-plugin-statusbar.statusbar",
            "pluginId": "cordova-plugin-statusbar",
            "clobbers": [
                "window.StatusBar"
            ]
        },
        {
            "file": "plugins/cordova-plugin-statusbar/src/windows/StatusBarProxy.js",
            "id": "cordova-plugin-statusbar.StatusBarProxy",
            "pluginId": "cordova-plugin-statusbar",
            "runs": true
        },
        {
            "file": "plugins/ionic-plugin-keyboard/src/windows/KeyboardProxy.js",
            "id": "ionic-plugin-keyboard.KeyboardProxy",
            "pluginId": "ionic-plugin-keyboard",
            "clobbers": [
                "cordova.plugins.Keyboard"
            ],
            "runs": true
        }
    ],
    "plugin_metadata": {
        "cordova-plugin-console": "1.0.3",
        "cordova-plugin-device": "1.1.2",
        "cordova-plugin-statusbar": "2.1.3",
        "cordova-plugin-whitelist": "1.2.2",
        "ionic-plugin-keyboard": "1.0.9"
    }
}